{
    "11": 0.0518080568,
    "4": 0.0503633122,
    "14": 0.0384791544,
    "3": 0.0648377028,
    "19": 0.0284590616,
    "15": 0.0750110085,
    "16": 0.0597984669,
    "6": 0.0932786073,
    "12": 0.1173684274,
    "17": 0.0931230943,
    "2": 0.111623723,
    "18": 0.0744420043,
    "20": 0.041465237,
    "9": 0.0813839174,
    "8": 0.0729541438,
    "7": 0.2132289222,
    "10": 0.0638237439,
    "13": 0.0372521717,
    "5": 0.0806225925,
    "1": 0.0292860089
}