{
    "11": {
        "11": 0.0,
        "4": 0.0104772803,
        "14": 0.0139982437,
        "3": 0.0085685284,
        "19": 0.0122477965,
        "15": 0.0013278188,
        "16": 0.0016661869,
        "6": 0.0195075897,
        "12": 0.0039565127,
        "17": 0.0010798386,
        "2": 0.0005410728,
        "18": 0.0030714301,
        "20": 0.0056898122,
        "9": 0.0098889522,
        "8": 0.0158332797,
        "7": 0.0224293508,
        "10": 0.074175042,
        "13": 0.0026272344,
        "5": 0.005417597,
        "1": 0.0034956403
    },
    "4": {
        "11": 0.0244607098,
        "4": 0.0,
        "14": 0.0638751907,
        "3": 0.0988189668,
        "19": 0.0596661674,
        "15": 0.0276555044,
        "16": 0.0149224703,
        "6": 0.0125024498,
        "12": 0.0793110303,
        "17": 0.028008958,
        "2": 0.0044993495,
        "18": 0.0211791418,
        "20": 0.0902397699,
        "9": 0.0198421988,
        "8": 0.0220823927,
        "7": 0.012460824,
        "10": 0.0200155863,
        "13": 0.0238637054,
        "5": 0.644394214,
        "1": 0.0146954367
    },
    "14": {
        "11": 0.0076181999,
        "4": 0.0478419629,
        "14": 0.0,
        "3": 0.0512489152,
        "19": 0.0081109305,
        "15": 0.0029406873,
        "16": 0.0070531213,
        "6": 0.011300667,
        "12": 0.1623527286,
        "17": 0.0014513629,
        "2": 0.00249366,
        "18": 0.0074298473,
        "20": 0.014721303,
        "9": 0.0074736889,
        "8": 0.0172181676,
        "7": 0.0090004677,
        "10": 0.0299227054,
        "13": 0.164323264,
        "5": 0.019384729,
        "1": 0.0086452676
    },
    "3": {
        "11": 0.2620686745,
        "4": 0.5868476477,
        "14": 0.4681246502,
        "3": 0.0,
        "19": 0.3396008235,
        "15": 0.1381871637,
        "16": 0.1060395675,
        "6": 0.1527626701,
        "12": 0.1118369741,
        "17": 0.0667799231,
        "2": 0.0575038174,
        "18": 0.212609204,
        "20": 0.3675668719,
        "9": 0.2005942424,
        "8": 0.2032053033,
        "7": 0.1556302944,
        "10": 0.2031470712,
        "13": 0.1183461682,
        "5": 0.1876629627,
        "1": 0.210251942
    },
    "19": {
        "11": 0.0038771953,
        "4": 0.0065526206,
        "14": 0.0082088145,
        "3": 0.0306338682,
        "19": 0.0,
        "15": 0.0025333018,
        "16": 0.009057421,
        "6": 0.0092190747,
        "12": 0.0407436109,
        "17": 0.0028606545,
        "2": 0.0013045543,
        "18": 0.4053396135,
        "20": 0.1971321292,
        "9": 0.0071011715,
        "8": 0.0115774209,
        "7": 0.0079029851,
        "10": 0.0501267902,
        "13": 0.0278216612,
        "5": 0.0038978217,
        "1": 0.0073178597
    },
    "15": {
        "11": 0.0016139017,
        "4": 0.0015020749,
        "14": 0.0006778654,
        "3": 0.0074259716,
        "19": 0.002290353,
        "15": 0.0,
        "16": 0.0323934374,
        "6": 0.0061743488,
        "12": 0.0008063326,
        "17": 0.0061844771,
        "2": 0.0031354221,
        "18": 0.0017496384,
        "20": 0.0025270766,
        "9": 0.0018493869,
        "8": 0.005203059,
        "7": 0.0025944731,
        "10": 0.0042508737,
        "13": 0.00052317,
        "5": 0.000589113,
        "1": 0.0132852979
    },
    "16": {
        "11": 0.0158613655,
        "4": 0.012437222,
        "14": 0.0227087354,
        "3": 0.0803150169,
        "19": 0.0606947952,
        "15": 0.4690506652,
        "16": 0.0,
        "6": 0.0376600153,
        "12": 0.0190695785,
        "17": 0.2212036209,
        "2": 0.0319080148,
        "18": 0.0136590484,
        "20": 0.0216948873,
        "9": 0.019959801,
        "8": 0.0425309456,
        "7": 0.0256237116,
        "10": 0.0339912547,
        "13": 0.0261499355,
        "5": 0.0112922824,
        "1": 0.1937677706
    },
    "6": {
        "11": 0.0440518947,
        "4": 0.0263060282,
        "14": 0.046838038,
        "3": 0.1033882569,
        "19": 0.0483918136,
        "15": 0.0905946076,
        "16": 0.030883726,
        "6": 0.0,
        "12": 0.2691763474,
        "17": 0.0118558754,
        "2": 0.0266057811,
        "18": 0.0613098608,
        "20": 0.0511933434,
        "9": 0.3345664676,
        "8": 0.2343583422,
        "7": 0.2060514429,
        "10": 0.0563560607,
        "13": 0.0511390418,
        "5": 0.0145659603,
        "1": 0.14619983
    },
    "12": {
        "11": 0.0396996754,
        "4": 0.0424773873,
        "14": 0.0928134017,
        "3": 0.0842792927,
        "19": 0.0184354515,
        "15": 0.0083462226,
        "16": 0.0086668226,
        "6": 0.0387161856,
        "12": 0.0,
        "17": 0.0024748781,
        "2": 0.0063916445,
        "18": 0.0233512789,
        "20": 0.0126816698,
        "9": 0.0314109435,
        "8": 0.031465244,
        "7": 0.0451477074,
        "10": 0.1673887043,
        "13": 0.3847689546,
        "5": 0.0048564532,
        "1": 0.0436023405
    },
    "17": {
        "11": 0.0006135589,
        "4": 0.0007443412,
        "14": 0.0005147276,
        "3": 0.002122583,
        "19": 0.0008754633,
        "15": 0.0319233247,
        "16": 0.0341170706,
        "6": 0.0014477202,
        "12": 0.0003456185,
        "17": 0.0,
        "2": 0.0007609754,
        "18": 0.0004877288,
        "20": 0.0022210679,
        "9": 0.0005195113,
        "8": 0.0020111231,
        "7": 0.000503923,
        "10": 0.0008238489,
        "13": 0.0002828479,
        "5": 0.0007367654,
        "1": 0.0106551222
    },
    "2": {
        "11": 0.0285183083,
        "4": 0.0097346314,
        "14": 0.0083001151,
        "3": 0.018210162,
        "19": 0.0181521561,
        "15": 0.0201850888,
        "16": 0.031395606,
        "6": 0.0140409934,
        "12": 0.0036964647,
        "17": 0.013540939,
        "2": 0.0,
        "18": 0.0060455395,
        "20": 0.0104184694,
        "9": 0.0142929444,
        "8": 0.021453381,
        "7": 0.0165278453,
        "10": 0.0187580281,
        "13": 0.006453804,
        "5": 0.0021599467,
        "1": 0.1750325041
    },
    "18": {
        "11": 0.0048119274,
        "4": 0.0029159274,
        "14": 0.029326257,
        "3": 0.0181843474,
        "19": 0.0238416832,
        "15": 0.0033101757,
        "16": 0.0053192762,
        "6": 0.0094005152,
        "12": 0.0156750963,
        "17": 0.0006543204,
        "2": 0.0019421477,
        "18": 0.0,
        "20": 0.0602215663,
        "9": 0.0036181145,
        "8": 0.0079598179,
        "7": 0.0066963994,
        "10": 0.0148282804,
        "13": 0.001316194,
        "5": 0.0009159404,
        "1": 0.0089631175
    },
    "20": {
        "11": 0.0024126349,
        "4": 0.0093440271,
        "14": 0.0068060681,
        "3": 0.0146856376,
        "19": 0.1329674427,
        "15": 0.0035958779,
        "16": 0.0023251757,
        "6": 0.0040271458,
        "12": 0.0142587468,
        "17": 0.0039850051,
        "2": 0.0006424682,
        "18": 0.1153803931,
        "20": 0.0,
        "9": 0.0047610408,
        "8": 0.0055333525,
        "7": 0.0061386423,
        "10": 0.0372156059,
        "13": 0.0251019514,
        "5": 0.0055083513,
        "1": 0.0035702867
    },
    "9": {
        "11": 0.0058384294,
        "4": 0.0089471695,
        "14": 0.0136185497,
        "3": 0.0141901104,
        "19": 0.0101349819,
        "15": 0.0072578463,
        "16": 0.003820905,
        "6": 0.1151751728,
        "12": 0.03486729,
        "17": 0.0031197092,
        "2": 0.0033720434,
        "18": 0.0038776036,
        "20": 0.0168388078,
        "9": 0.0,
        "8": 0.0247725864,
        "7": 0.0867172807,
        "10": 0.0197975102,
        "13": 0.0045264398,
        "5": 0.02292154,
        "1": 0.0235938595
    },
    "8": {
        "11": 0.0699954933,
        "4": 0.0664983645,
        "14": 0.0334205543,
        "3": 0.1680877719,
        "19": 0.065941497,
        "15": 0.0631735629,
        "16": 0.0297181632,