{
    "1": 0.0421822866,
    "2": 0.0527291405,
    "3": 0.0172283581
}