{
    "1": {
        "1": 0.0,
        "2": 0.6178590324,
        "3": 0.6031601118
    },
    "2": {
        "1": 0.3999044818,
        "2": 0.0,
        "3": 0.3968398882
    },
    "3": {
        "1": 0.6000955182,
        "2": 0.3821409676,
        "3": 0.0
    }
}