{
    "2": 0.0560323837,
    "6": 0.0527291405,
    "4": 0.066261624,
    "1": 0.0279232532,
    "5": 0.0548905898,
    "7": 0.0569208725,
    "3": 0.0240446415
}