{
    "2": {
        "2": 0.0,
        "6": 0.0514495959,
        "4": 0.1047861736,
        "1": 0.1234752882,
        "5": 0.0073263987,
        "7": 0.0692672842,
        "3": 0.0283607155
    },
    "6": {
        "2": 0.2581216897,
        "6": 0.0,
        "4": 0.3088616256,
        "1": 0.5023527357,
        "5": 0.1393675876,
        "7": 0.2967194712,
        "3": 0.2763783113
    },
    "4": {
        "2": 0.1998187573,
        "6": 0.1711210358,
        "4": 0.0,
        "1": 0.0466995323,
        "5": 0.0197956709,
        "7": 0.0828301906,
        "3": 0.0645355789
    },
    "1": {
        "2": 0.0923139035,
        "6": 0.0698431736,
        "4": 0.0807457566,
        "1": 0.0,
        "5": 0.017710336,
        "7": 0.034915404,
        "3": 0.0237054934
    },
    "5": {
        "2": 0.0381999156,
        "6": 0.0973576278,
        "4": 0.0260334414,
        "1": 0.0556960775,
        "5": 0.0,
        "7": 0.0670637224,
        "3": 0.2575215943
    },
    "7": {
        "2": 0.1301657406,
        "6": 0.3254452271,
        "4": 0.358599992,
        "1": 0.1585497579,
        "5": 0.0813755042,
        "7": 0.0,
        "3": 0.3494983066
    },
    "3": {
        "2": 0.2813799933,
        "6": 0.2847833398,
        "4": 0.1209730106,
        "1": 0.1132266085,
        "5": 0.7344245026,
        "7": 0.4492039275,
        "3": 0.0
    }
}